cod,department,crop,n_farms,planted_area_ha,ds_planted_area_ha,production_ton,n_plants_in_production,n_plants_in_growth,flowers_area_ha,o_plants_area_ha
1,CONCEPCI‡N,cotton,2,2,2,-,,,,
2,SAN PEDRO,cotton,26,50,20,74,,,,
3,CORDILLERA,cotton,2,11,10,5,,,,
4,GUAIRµ,cotton,44,62,11,75,,,,
5,CAAGUAZÈ,cotton,205,311,60,344,,,,
6,CAAZAPµ,cotton,35,89,54,76,,,,
7, ITAPÈA,cotton,3,532,532,401,,,,
8,MISIONES,cotton,0,-,-,-,,,,
9,PARAGUAR÷,cotton,16,23,4,67,,,,
10,ALTO PARANµ,cotton,8,10,10,10,,,,
11,CENTRAL,cotton,2,4,0,7,,,,
12,•EEMBUCÈ,cotton,1,5,0,5,,,,
13,AMAMBAY,cotton,0,0,0,-,,,,
14,CANINDEYÈ,cotton,0,0,-,-,,,,
15,PRESIDENTE HAYES,cotton,16,2182,1662,3763,,,,
16,BOQUER‡N,cotton,56,13770,13471,20354,,,,
17,ALTO PARAGUAY,cotton,7,1802,1802,3762,,,,
1,CONCEPCI‡N,sesame,3226,6213,1578,4376,,,,
2,SAN PEDRO,sesame,6856,13857,1943,9731,,,,
3,CORDILLERA,sesame,-,-,-,-,,,,
4,GUAIRµ,sesame,7,16,1,10,,,,
5,CAAGUAZÈ,sesame,276,364,20,419,,,,
6,CAAZAPµ,sesame,43,248,40,192,,,,
7, ITAPÈA,sesame,1322,2314,288,1366,,,,
8,MISIONES,sesame,3,240,-,48,,,,
9,PARAGUAR÷,sesame,1,1,-,1,,,,
10,ALTO PARANµ,sesame,4,7,1,10,,,,
11,CENTRAL,sesame,-,-,-,-,,,,
12,•EEMBUCÈ,sesame,-,-,-,-,,,,
13,AMAMBAY,sesame,89,205,83,147,,,,
14,CANINDEYÈ,sesame,1453,2906,406,1593,,,,
15,PRESIDENTE HAYES,sesame,130,1171,524,665,,,,
16,BOQUER‡N,sesame,384,20908,16832,9098,,,,
17,ALTO PARAGUAY,sesame,2,188,188,84,,,,
1,CONCEPCI‡N,soybean,176,25850,9993,40119,,,,
2,SAN PEDRO,soybean,4907,352056,246419,545351,,,,
3,CORDILLERA,soybean,21,1664,1153,2825,,,,
4,GUAIRµ,soybean,244,12608,4116,19127,,,,
5,CAAGUAZÈ,soybean,4282,340210,238830,538622,,,,
6,CAAZAPµ,soybean,1571,147511,55323,245742,,,,
7, ITAPÈA,soybean,8408,541519,424193,814838,,,,
8,MISIONES,soybean,90,28453,8014,30948,,,,
9,PARAGUAR÷,soybean,14,5755,1444,9745,,,,
10,ALTO PARANµ,soybean,5813,864566,631733,1120818,,,,
11,CENTRAL,soybean,,,,,,,,
12,•EEMBUCÈ,soybean,2,162,14,193,,,,
13,AMAMBAY,soybean,459,162517,129959,376135,,,,
14,CANINDEYÈ,soybean,2253,526737,368960,535614,,,,
15,PRESIDENTE HAYES,soybean,7,2355,2285,2712,,,,
16,BOQUER‡N,soybean,175,40245,29757,48184,,,,
17,ALTO PARAGUAY,soybean,10,9879,8379,14055,,,,
1,CONCEPCI‡N,soybean_safrinha,23,2073,466,4367,,,,
2,SAN PEDRO,soybean_safrinha,515,44771,25458,91356,,,,
3,CORDILLERA,soybean_safrinha,4,24,24,15,,,,
4,GUAIRµ,soybean_safrinha,19,734,534,730,,,,
5,CAAGUAZÈ,soybean_safrinha,1126,76162,52891,120033,,,,
6,CAAZAPµ,soybean_safrinha,347,35220,25439,54425,,,,
7, ITAPÈA,soybean_safrinha,1630,77926,68456,127394,,,,
8,MISIONES,soybean_safrinha,37,12735,2996,18509,,,,
9,PARAGUAR÷,soybean_safrinha,-,-,-,-,,,,
10,ALTO PARANµ,soybean_safrinha,1149,173372,145186,351838,,,,
11,CENTRAL,soybean_safrinha,,,,,,,,
12,•EEMBUCÈ,soybean_safrinha,-,-,-,-,,,,
13,AMAMBAY,soybean_safrinha,26,4750,2197,4134,,,,
14,CANINDEYÈ,soybean_safrinha,251,38404,26826,70660,,,,
15,PRESIDENTE HAYES,soybean_safrinha,3,669,-,1673,,,,
16,BOQUER‡N,soybean_safrinha,8,2483,2293,5726,,,,
17,ALTO PARAGUAY,soybean_safrinha,3,8400,8400,23800,,,,
1,CONCEPCI‡N,wheat,5,8,5,29,,,,
2,SAN PEDRO,wheat,49,2422,2386,5286,,,,
3,CORDILLERA,wheat,4,15,15,67,,,,
4,GUAIRµ,wheat,78,2017,398,6021,,,,
5,CAAGUAZÈ,wheat,331,47434,36506,111832,,,,
6,CAAZAPµ,wheat,372,36225,10842,88378,,,,
7, ITAPÈA,wheat,2446,144964,122764,288173,,,,
8,MISIONES,wheat,39,6032,4279,18510,,,,
9,PARAGUAR÷,wheat,4,756,701,1278,,,,
10,ALTO PARANµ,wheat,1125,159361,136796,378767,,,,
11,CENTRAL,wheat,-,-,-,-,,,,
12,•EEMBUCÈ,wheat,1,0,-,0,,,,
13,AMAMBAY,wheat,15,7681,5330,24433,,,,
14,CANINDEYÈ,wheat,80,25788,24285,49472,,,,
15,PRESIDENTE HAYES,wheat,1,194,194,68,,,,
16,BOQUER‡N,wheat,5,246,188,558,,,,
17,ALTO PARAGUAY,wheat,-,-,-,-,,,,
1,CONCEPCI‡N,sugar,278,289,0,10243,,,,
2,SAN PEDRO,sugar,199,538,0,29566,,,,
3,CORDILLERA,sugar,1197,7794,0,423918,,,,
4,GUAIRµ,sugar,4358,36657,0,2220931,,,,
5,CAAGUAZÈ,sugar,2210,20213,0,1225488,,,,
6,CAAZAPµ,sugar,343,4502,0,184904,,,,
7, ITAPÈA,sugar,158,223,0,8921,,,,
8,MISIONES,sugar,86,1217,0,73345,,,,
9,PARAGUAR÷,sugar,436,2885,0,179411,,,,
10,ALTO PARANµ,sugar,65,6819,0,272767,,,,
11,CENTRAL,sugar,222,3209,0,181116,,,,
12,•EEMBUCÈ,sugar,60,38,0,2516,,,,
13,AMAMBAY,sugar,6,206,0,1245,,,,
14,CANINDEYÈ,sugar,40,5745,0,234514,,,,
15,PRESIDENTE HAYES,sugar,0,0,0,0,,,,
16,BOQUER‡N,sugar,0,0,0,0,,,,
17,ALTO PARAGUAY,sugar,0,0,0,0,,,,
1,CONCEPCI‡N,corn,2767,6061,1670,15912,,,,
2,SAN PEDRO,corn,17188,42711,20998,129879,,,,
3,CORDILLERA,corn,1085,1741,1002,6885,,,,
4,GUAIRµ,corn,2138,3152,551,10189,,,,
5,CAAGUAZÈ,corn,14126,25816,27424,100474,,,,
6,CAAZAPµ,corn,6946,17157,6779,46260,,,,
7, ITAPÈA,corn,9921,45023,36196,151579,,,,
8,MISIONES,corn,1309,3547,1025,8910,,,,
9,PARAGUAR÷,corn,1403,1430,441,3754,,,,
10,ALTO PARANµ,corn,4128,36556,62375,160728,,,,
11,CENTRAL,corn,58,107,93,509,,,,
12,•EEMBUCÈ,corn,551,431,178,879,,,,
13,AMAMBAY,corn,366,4375,3329,21227,,,,
14,CANINDEYÈ,corn,3611,13973,23286,54926,,,,
15,PRESIDENTE HAYES,corn,26,1393,854,5072,,,,
16,BOQUER‡N,corn,88,20718,16221,62745,,,,
17,ALTO PARAGUAY,corn,5,4930,3639,6460,,,,
1,CONCEPCI‡N,corn_safrinha,563,15757,6458,48994,,,,
2,SAN PEDRO,corn_safrinha,3401,114235,75420,398234,,,,
3,CORDILLERA,corn_safrinha,167,198,36,572,,,,
4,GUAIRµ,corn_safrinha,390,1498,280,5290,,,,
5,CAAGUAZÈ,corn_safrinha,3493,109455,96352,518856,,,,
6,CAAZAPµ,corn_safrinha,1620,39880,18602,150054,,,,
7, ITAPÈA,corn_safrinha,2658,145792,113040,603687,,,,
8,MISIONES,corn_safrinha,385,4413,1078,15197,,,,
9,PARAGUAR÷,corn_safrinha,247,1212,266,3943,,,,
10,ALTO PARANµ,corn_safrinha,1970,286493,248587,1194483,,,,
11,CENTRAL,corn_safrinha,12,90,87,448,,,,
12,•EEMBUCÈ,corn_safrinha,72,48,16,182,,,,
13,AMAMBAY,corn_safrinha,224,55477,49492,197719,,,,
14,CANINDEYÈ,corn_safrinha,1607,166658,150090,549582,,,,
15,PRESIDENTE HAYES,corn_safrinha,3,2356,1836,7358,,,,
16,BOQUER‡N,corn_safrinha,42,17171,11810,74936,,,,
17,ALTO PARAGUAY,corn_safrinha,6,2356,1556,7936,,,,
1,CONCEPCI‡N,corn_chipa,1102,1185,0,1882,,,,
2,SAN PEDRO,corn_chipa,5752,6012,0,9296,,,,
3,CORDILLERA,corn_chipa,962,567,0,874,,,,
4,GUAIRµ,corn_chipa,1882,3030,0,3535,,,,
5,CAAGUAZÈ,corn_chipa,9967,8871,0,14888,,,,
6,CAAZAPµ,corn_chipa,6413,7286,0,10171,,,,
7, ITAPÈA,corn_chipa,5730,5671,0,7768,,,,
8,MISIONES,corn_chipa,2147,1874,0,2090,,,,
9,PARAGUAR÷,corn_chipa,2560,2254,0,2328,,,,
10,ALTO PARANµ,corn_chipa,974,1301,0,1415,,,,
11,CENTRAL,corn_chipa,31,7,0,11,,,,
12,•EEMBUCÈ,corn_chipa,1369,1297,0,1119,,,,
13,AMAMBAY,corn_chipa,53,1356,0,734,,,,
14,CANINDEYÈ,corn_chipa,1776,2020,0,2258,,,,
15,PRESIDENTE HAYES,corn_chipa,2,2,0,1,,,,
16,BOQUER‡N,corn_chipa,12,17,0,7,,,,
17,ALTO PARAGUAY,corn_chipa,-,-,0,-,,,,
1,CONCEPCI‡N,corn_pichinga,41,25,0,33,,,,
2,SAN PEDRO,corn_pichinga,123,117,0,213,,,,
3,CORDILLERA,corn_pichinga,17,11,0,22,,,,
4,GUAIRµ,corn_pichinga,23,22,0,28,,,,
5,CAAGUAZÈ,corn_pichinga,109,109,0,126,,,,
6,CAAZAPµ,corn_pichinga,112,77,0,79,,,,
7, ITAPÈA,corn_pichinga,70,84,0,102,,,,
8,MISIONES,corn_pichinga,15,8,0,7,,,,
9,PARAGUAR÷,corn_pichinga,12,10,0,4,,,,
10,ALTO PARANµ,corn_pichinga,15,24,0,20,,,,
11,CENTRAL,corn_pichinga,3,-,0,1,,,,
12,•EEMBUCÈ,corn_pichinga,7,5,0,3,,,,
13,AMAMBAY,corn_pichinga,7,15,0,13,,,,
14,CANINDEYÈ,corn_pichinga,63,59,0,104,,,,
15,PRESIDENTE HAYES,corn_pichinga,1,0,0,0,,,,
16,BOQUER‡N,corn_pichinga,1,160,0,24,,,,
17,ALTO PARAGUAY,corn_pichinga,1,3,0,2,,,,
1,CONCEPCI‡N,corn_locro,19,18,0,14,,,,
2,SAN PEDRO,corn_locro,67,77,0,113,,,,
3,CORDILLERA,corn_locro,19,17,0,22,,,,
4,GUAIRµ,corn_locro,29,13,0,19,,,,
5,CAAGUAZÈ,corn_locro,87,79,0,129,,,,
6,CAAZAPµ,corn_locro,271,646,0,701,,,,
7, ITAPÈA,corn_locro,105,133,0,446,,,,
8,MISIONES,corn_locro,4,1,0,2,,,,
9,PARAGUAR÷,corn_locro,2,1,0,-,,,,
10,ALTO PARANµ,corn_locro,21,20,0,19,,,,
11,CENTRAL,corn_locro,1,-,0,-,,,,
12,•EEMBUCÈ,corn_locro,14,14,0,9,,,,
13,AMAMBAY,corn_locro,3,5,0,4,,,,
14,CANINDEYÈ,corn_locro,16,23,0,48,,,,
15,PRESIDENTE HAYES,corn_locro,-,-,0,-,,,,
16,BOQUER‡N,corn_locro,5,176,0,135,,,,
17,ALTO PARAGUAY,corn_locro,-,-,0,-,,,,
1,CONCEPCI‡N,mandioca,9478,9070,0,142194,,,,
2,SAN PEDRO,mandioca,30147,35841,0,495288,,,,
3,CORDILLERA,mandioca,6607,5160,0,89032,,,,
4,GUAIRµ,mandioca,8844,8995,0,188048,,,,
5,CAAGUAZÈ,mandioca,27619,28773,0,395713,,,,
6,CAAZAPµ,mandioca,13128,11679,0,159716,,,,
7, ITAPÈA,mandioca,17843,17336,0,207366,,,,
8,MISIONES,mandioca,3579,2392,0,35217,,,,
9,PARAGUAR÷,mandioca,9993,7716,0,133656,,,,
10,ALTO PARANµ,mandioca,6954,9623,0,127910,,,,
11,CENTRAL,mandioca,573,187,0,4190,,,,
12,•EEMBUCÈ,mandioca,2095,1104,0,14465,,,,
13,AMAMBAY,mandioca,1138,2323,0,39164,,,,
14,CANINDEYÈ,mandioca,9556,14966,0,181078,,,,
15,PRESIDENTE HAYES,mandioca,56,50,0,783,,,,
16,BOQUER‡N,mandioca,7,6,0,62,,,,
17,ALTO PARAGUAY,mandioca,12,217,0,2870,,,,
1,CONCEPCI‡N,peanut,553,306,0,255,,,,
2,SAN PEDRO,peanut,2604,1487,0,1342,,,,
3,CORDILLERA,peanut,492,243,0,162,,,,
4,GUAIRµ,peanut,339,195,0,162,,,,
5,CAAGUAZÈ,peanut,2947,2891,0,3017,,,,
6,CAAZAPµ,peanut,2179,917,0,600,,,,
7, ITAPÈA,peanut,1090,480,0,327,,,,
8,MISIONES,peanut,410,181,0,87,,,,
9,PARAGUAR÷,peanut,599,302,0,229,,,,
10,ALTO PARANµ,peanut,561,339,0,306,,,,
11,CENTRAL,peanut,13,5,0,2,,,,
12,•EEMBUCÈ,peanut,330,164,0,111,,,,
13,AMAMBAY,peanut,34,20,0,26,,,,
14,CANINDEYÈ,peanut,621,377,0,298,,,,
15,PRESIDENTE HAYES,peanut,1,50,0,100,,,,
16,BOQUER‡N,peanut,39,1457,0,980,,,,
17,ALTO PARAGUAY,peanut,-,-,0,-,,,,
1,CONCEPCI‡N,beans,1701,1208,0,994,,,,
2,SAN PEDRO,beans,5880,3997,0,4072,,,,
3,CORDILLERA,beans,1232,613,0,480,,,,
4,GUAIRµ,beans,1831,1231,0,1146,,,,
5,CAAGUAZÈ,beans,8465,5131,0,5039,,,,
6,CAAZAPµ,beans,3995,1950,0,1471,,,,
7, ITAPÈA,beans,3138,1794,0,1432,,,,
8,MISIONES,beans,1275,547,0,348,,,,
9,PARAGUAR÷,beans,2326,1273,0,1002,,,,
10,ALTO PARANµ,beans,1925,1213,0,1327,,,,
11,CENTRAL,beans,231,66,0,89,,,,
12,•EEMBUCÈ,beans,468,203,0,124,,,,
13,AMAMBAY,beans,104,138,0,110,,,,
14,CANINDEYÈ,beans,1214,916,0,712,,,,
15,PRESIDENTE HAYES,beans,69,64,0,35,,,,
16,BOQUER‡N,beans,224,1551,0,1536,,,,
17,ALTO PARAGUAY,beans,61,99,0,81,,,,
1,CONCEPCI‡N,watermelon,324,304,0,4331.88,,,,
2,SAN PEDRO,watermelon,317,315,0,7397.054,,,,
3,CORDILLERA,watermelon,342,441,0,6720.35,,,,
4,GUAIRµ,watermelon,123,69,0,942.648,,,,
5,CAAGUAZÈ,watermelon,607,557,0,9651.39,,,,
6,CAAZAPµ,watermelon,201,93,0,1696.366,,,,
7, ITAPÈA,watermelon,637,472,0,9035.978,,,,
8,MISIONES,watermelon,285,166,0,1997.695,,,,
9,PARAGUAR÷,watermelon,434,335,0,4891.061,,,,
10,ALTO PARANµ,watermelon,339,367,0,7980.476,,,,
11,CENTRAL,watermelon,36,13,0,339.85,,,,
12,•EEMBUCÈ,watermelon,205,121,0,1451.59,,,,
13,AMAMBAY,watermelon,17,21,0,514.15,,,,
14,CANINDEYÈ,watermelon,98,109,0,1129.66,,,,
15,PRESIDENTE HAYES,watermelon,58,97,0,525,,,,
16,BOQUER‡N,watermelon,143,172,0,1040.2,,,,
17,ALTO PARAGUAY,watermelon,8,10,0,129.5,,,,
1,CONCEPCI‡N,canola,-,-,null,-,,,,
2,SAN PEDRO,canola,1,1,null,0,,,,
3,CORDILLERA,canola,-,-,null,-,,,,
4,GUAIRµ,canola,3,255,null,672,,,,
5,CAAGUAZÈ,canola,19,1718,null,3348,,,,
6,CAAZAPµ,canola,24,3807,null,8617,,,,
7, ITAPÈA,canola,153,9041,null,15262,,,,
8,MISIONES,canola,8,1239,null,1907,,,,
9,PARAGUAR÷,canola,1,50,null,75,,,,
10,ALTO PARANµ,canola,90,10245,null,15910,,,,
11,CENTRAL,canola,-,-,null,-,,,,
12,•EEMBUCÈ,canola,-,-,null,-,,,,
13,AMAMBAY,canola,-,-,null,-,,,,
14,CANINDEYÈ,canola,3,920,null,1464,,,,
15,PRESIDENTE HAYES,canola,-,-,null,-,,,,
16,BOQUER‡N,canola,-,-,null,-,,,,
17,ALTO PARAGUAY,canola,-,-,null,-,,,,
1,CONCEPCI‡N,sweet_potato,1505,946,null,4326,,,,
2,SAN PEDRO,sweet_potato,2098,1757,null,12705,,,,
3,CORDILLERA,sweet_potato,204,131,null,432,,,,
4,GUAIRµ,sweet_potato,146,75,null,346,,,,
5,CAAGUAZÈ,sweet_potato,1248,805,null,5338,,,,
6,CAAZAPµ,sweet_potato,298,100,null,368,,,,
7, ITAPÈA,sweet_potato,363,135,null,366,,,,
8,MISIONES,sweet_potato,282,103,null,480,,,,
9,PARAGUAR÷,sweet_potato,406,157,null,629,,,,
10,ALTO PARANµ,sweet_potato,352,216,null,882,,,,
11,CENTRAL,sweet_potato,218,110,null,823,,,,
12,•EEMBUCÈ,sweet_potato,872,409,null,1963,,,,
13,AMAMBAY,sweet_potato,15,6,null,39,,,,
14,CANINDEYÈ,sweet_potato,423,361,null,1384,,,,
15,PRESIDENTE HAYES,sweet_potato,34,18,null,39,,,,
16,BOQUER‡N,sweet_potato,41,56,null,205,,,,
17,ALTO PARAGUAY,sweet_potato,3,5,null,54,,,,
1,CONCEPCI‡N,sunflower,2,1,1,5,,,,
2,SAN PEDRO,sunflower,13,149,86,289,,,,
3,CORDILLERA,sunflower,1,10,10,50,,,,
4,GUAIRµ,sunflower,4,253,0,406,,,,
5,CAAGUAZÈ,sunflower,7,379,364,709,,,,
6,CAAZAPµ,sunflower,1,-,-,1,,,,
7, ITAPÈA,sunflower,37,2213,1759,4200,,,,
8,MISIONES,sunflower,-,-,-,-,,,,
9,PARAGUAR÷,sunflower,-,-,-,-,,,,
10,ALTO PARANµ,sunflower,6,246,246,321,,,,
11,CENTRAL,sunflower,1,2,1,5,,,,
12,•EEMBUCÈ,sunflower,-,-,-,-,,,,
13,AMAMBAY,sunflower,-,-,-,-,,,,
14,CANINDEYÈ,sunflower,1,2,-,3,,,,
15,PRESIDENTE HAYES,sunflower,1,0.5,0.2,0.9,,,,
16,BOQUER‡N,sunflower,-,-,-,-,,,,
17,ALTO PARAGUAY,sunflower,-,-,-,-,,,,
1,CONCEPCI‡N,tobacco,2,6,null,4,,,,
2,SAN PEDRO,tobacco,376,651,null,1096,,,,
3,CORDILLERA,tobacco,4,3,null,2,,,,
4,GUAIRµ,tobacco,1,2,null,1,,,,
5,CAAGUAZÈ,tobacco,82,99,null,156,,,,
6,CAAZAPµ,tobacco,20,8,null,9,,,,
7, ITAPÈA,tobacco,54,118,null,188,,,,
8,MISIONES,tobacco,1,-,null,-,,,,
9,PARAGUAR÷,tobacco,1,1,null,-,,,,
10,ALTO PARANµ,tobacco,-,-,null,0,,,,
11,CENTRAL,tobacco,-,-,null,0,,,,
12,•EEMBUCÈ,tobacco,-,-,null,0,,,,
13,AMAMBAY,tobacco,1,1,null,0,,,,
14,CANINDEYÈ,tobacco,65,105,null,181,,,,
15,PRESIDENTE HAYES,tobacco,0,0,null,0,,,,
16,BOQUER‡N,tobacco,0,0,null,0,,,,
17,ALTO PARAGUAY,tobacco,0,0,null,0,,,,
1,CONCEPCI‡N,irrigated_rice,1,1,,2,,,,
2,SAN PEDRO,irrigated_rice,6,8840,,29940,,,,
3,CORDILLERA,irrigated_rice,9,3793,,27188,,,,
4,GUAIRµ,irrigated_rice,3,1500,,5450,,,,
5,CAAGUAZÈ,irrigated_rice,1,1,,5,,,,
6,CAAZAPµ,irrigated_rice,19,7082,,30208,,,,
7, ITAPÈA,irrigated_rice,55,44082,,309373,,,,
8,MISIONES,irrigated_rice,73,58582,,241954,,,,
9,PARAGUAR÷,irrigated_rice,13,36893,,91576,,,,
10,ALTO PARANµ,irrigated_rice,1,1,,2,,,,
11,CENTRAL,irrigated_rice,3,5149,,35600,,,,
12,•EEMBUCÈ,irrigated_rice,10,27520,,139070,,,,
13,AMAMBAY,irrigated_rice,-,-,,-,,,,
14,CANINDEYÈ,irrigated_rice,-,-,,-,,,,
15,PRESIDENTE HAYES,irrigated_rice,2,12300,,64700,,,,
16,BOQUER‡N,irrigated_rice,-,-,,-,,,,
17,ALTO PARAGUAY,irrigated_rice,-,-,,-,,,,
1,CONCEPCI‡N,rainfed_rice,4,5,,-,,,,
2,SAN PEDRO,rainfed_rice,1,1,,-,,,,
3,CORDILLERA,rainfed_rice,-,-,,-,,,,
4,GUAIRµ,rainfed_rice,-,-,,-,,,,
5,CAAGUAZÈ,rainfed_rice,-,-,,-,,,,
6,CAAZAPµ,rainfed_rice,3,1,,-,,,,
7, ITAPÈA,rainfed_rice,7,699,,-,,,,
8,MISIONES,rainfed_rice,5,4200,,-,,,,
9,PARAGUAR÷,rainfed_rice,-,-,,-,,,,
10,ALTO PARANµ,rainfed_rice,1,0.5,,-,,,,
11,CENTRAL,rainfed_rice,-,-,,-,,,,
12,•EEMBUCÈ,rainfed_rice,-,-,,-,,,,
13,AMAMBAY,rainfed_rice,-,-,,-,,,,
14,CANINDEYÈ,rainfed_rice,3,2,,-,,,,
15,PRESIDENTE HAYES,rainfed_rice,-,-,,-,,,,
16,BOQUER‡N,rainfed_rice,-,-,,-,,,,
17,ALTO PARAGUAY,rainfed_rice,-,-,,-,,,,
1,CONCEPCI‡N,tomato,111,50,,1146,,,,
2,SAN PEDRO,tomato,284,93,,2631,,,,
3,CORDILLERA,tomato,422,226,,7084,,,,
4,GUAIRµ,tomato,101,12,,396,,,,
5,CAAGUAZÈ,tomato,1335,577,,20914,,,,
6,CAAZAPµ,tomato,73,9,,163,,,,
7, ITAPÈA,tomato,329,87,,1978,,,,
8,MISIONES,tomato,116,10,,199,,,,
9,PARAGUAR÷,tomato,287,140,,3486,,,,
10,ALTO PARANµ,tomato,260,145,,2939,,,,
11,CENTRAL,tomato,511,189,,5623,,,,
12,•EEMBUCÈ,tomato,32,5,,65,,,,
13,AMAMBAY,tomato,17,11,,206,,,,
14,CANINDEYÈ,tomato,59,16,,394,,,,
15,PRESIDENTE HAYES,tomato,-,-,,-,,,,
16,BOQUER‡N,tomato,1,1,,27,,,,
17,ALTO PARAGUAY,tomato,-,-,,-,,,,
1,CONCEPCI‡N,strawberry,9,-,,4,,,,
2,SAN PEDRO,strawberry,52,7,,90,,,,
3,CORDILLERA,strawberry,113,62,,232,,,,
4,GUAIRµ,strawberry,50,9,,37,,,,
5,CAAGUAZÈ,strawberry,150,49,,421,,,,
6,CAAZAPµ,strawberry,7,2,,29,,,,
7, ITAPÈA,strawberry,42,14,,93,,,,
8,MISIONES,strawberry,29,1,,16,,,,
9,PARAGUAR÷,strawberry,115,72,,771,,,,
10,ALTO PARANµ,strawberry,7,2,,36,,,,
11,CENTRAL,strawberry,674,133,,2683,,,,
12,•EEMBUCÈ,strawberry,17,9,,11,,,,
13,AMAMBAY,strawberry,-,-,,-,,,,
14,CANINDEYÈ,strawberry,1,0,,0,,,,
15,PRESIDENTE HAYES,strawberry,-,-,,-,,,,
16,BOQUER‡N,strawberry,-,-,,-,,,,
17,ALTO PARAGUAY,strawberry,-,-,,-,,,,
1,CONCEPCI‡N,bell_pepper,100,45.7987,,355,,,,
2,SAN PEDRO,bell_pepper,244,70.4319,,1236,,,,
3,CORDILLERA,bell_pepper,212,89.5714,,881,,,,
4,GUAIRµ,bell_pepper,66,5.1584,,84,,,,
5,CAAGUAZÈ,bell_pepper,912,340.5248,,7133,,,,
6,CAAZAPµ,bell_pepper,51,4.7996,,55,,,,
7, ITAPÈA,bell_pepper,198,60.6898,,728,,,,
8,MISIONES,bell_pepper,82,8.12,,237,,,,
9,PARAGUAR÷,bell_pepper,167,63.4388,,674,,,,
10,ALTO PARANµ,bell_pepper,188,88.2894,,1225,,,,
11,CENTRAL,bell_pepper,222,57.8678,,1063,,,,
12,•EEMBUCÈ,bell_pepper,9,0.8925,,6,,,,
13,AMAMBAY,bell_pepper,13,3.8075,,20,,,,
14,CANINDEYÈ,bell_pepper,31,9.0342,,93,,,,
15,PRESIDENTE HAYES,bell_pepper,2,1.1,,18,,,,
16,BOQUER‡N,bell_pepper,2,1.05,,10,,,,
17,ALTO PARAGUAY,bell_pepper,-,-,,-,,,,
1,CONCEPCI‡N,carrot,26,3,,38,,,,
2,SAN PEDRO,carrot,57,3,,126,,,,
3,CORDILLERA,carrot,17,4,,23,,,,
4,GUAIRµ,carrot,36,-,,24,,,,
5,CAAGUAZÈ,carrot,78,22,,354,,,,
6,CAAZAPµ,carrot,22,1,,10,,,,
7, ITAPÈA,carrot,162,624,,11740,,,,
8,MISIONES,carrot,31,1,,23,,,,
9,PARAGUAR÷,carrot,47,5,,245,,,,
10,ALTO PARANµ,carrot,20,4,,60,,,,
11,CENTRAL,carrot,9,-,,9,,,,
12,•EEMBUCÈ,carrot,24,4,,126,,,,
13,AMAMBAY,carrot,14,2,,41,,,,
14,CANINDEYÈ,carrot,3,1,,5,,,,
15,PRESIDENTE HAYES,carrot,-,-,,-,,,,
16,BOQUER‡N,carrot,-,-,,-,,,,
17,ALTO PARAGUAY,carrot,-,-,,-,,,,
1,CONCEPCI‡N,bananas,565,554,,5980,384211,199730,,
2,SAN PEDRO,bananas,1846,3784,,64929,4004947,2248565,,
3,CORDILLERA,bananas,366,599,,13089,765809,336714,,
4,GUAIRµ,bananas,199,82,,482,28456,17935,,
5,CAAGUAZÈ,bananas,1924,10223,,279047,16189314,15796555,,
6,CAAZAPµ,bananas,52,30,,351,21639,14453,,
7, ITAPÈA,bananas,145,95,,1013,73620,37064,,
8,MISIONES,bananas,93,32,,246,19070,6699,,
9,PARAGUAR÷,bananas,171,92,,544,43121,23292,,
10,ALTO PARANµ,bananas,172,205,,2471,140567,85273,,
11,CENTRAL,bananas,10,8,,218,16723,6055,,
12,•EEMBUCÈ,bananas,23,13,,88,8055,11675,,
13,AMAMBAY,bananas,50,50,,294,18454,25420,,
14,CANINDEYÈ,bananas,165,169,,2731,170839,128596,,
15,PRESIDENTE HAYES,bananas,1,1,,9,700,300,,
16,BOQUER‡N,bananas,-,-,,-,-,-,,
17,ALTO PARAGUAY,bananas,13,24,,52,4080,1109,,
1,CONCEPCI‡N,coffee,2,1,,-,170,175,,
2,SAN PEDRO,coffee,2,3,,-,700,525,,
3,CORDILLERA,coffee,1,3,,-,600,550,,
4,GUAIRµ,coffee,1,1,,-,70,12,,
5,CAAGUAZÈ,coffee,5,20,,-,18600,17110,,
6,CAAZAPµ,coffee,-,-,,-,-,-,,
7, ITAPÈA,coffee,-,-,,-,-,-,,
8,MISIONES,coffee,-,-,,-,-,-,,
9,PARAGUAR÷,coffee,-,-,,-,-,-,,
10,ALTO PARANµ,coffee,3,3,,-,950,1301,,
11,CENTRAL,coffee,-,-,,-,-,-,,
12,•EEMBUCÈ,coffee,-,-,,-,-,-,,
13,AMAMBAY,coffee,-,-,,-,-,-,,
14,CANINDEYÈ,coffee,4,8,,-,17700,4501,,
15,PRESIDENTE HAYES,coffee,-,-,,-,-,-,,
16,BOQUER‡N,coffee,-,-,,-,-,-,,
17,ALTO PARAGUAY,coffee,-,-,,-,-,-,,
1,CONCEPCI‡N,bitter_orange,10,7,,3,1139,1095,,
2,SAN PEDRO,bitter_orange,1689,2147,,12754,4095427,1291073,,
3,CORDILLERA,bitter_orange,64,102,,721,171924,71491,,
4,GUAIRµ,bitter_orange,13,16,,40,14020,4695,,
5,CAAGUAZÈ,bitter_orange,45,72,,207,60448,31300,,
6,CAAZAPµ,bitter_orange,25,24,,58,15807,18088,,
7, ITAPÈA,bitter_orange,59,76,,128,37201,23170,,
8,MISIONES,bitter_orange,21,17,,15,5719,6231,,
9,PARAGUAR÷,bitter_orange,11,10,,13,3305,3430,,
10,ALTO PARANµ,bitter_orange,10,187,,2706,902210,1670,,
11,CENTRAL,bitter_orange,1,1,,1,100,58,,
12,•EEMBUCÈ,bitter_orange,1,0,,0,25,-,,
13,AMAMBAY,bitter_orange,-,-,,,-,-,,
14,CANINDEYÈ,bitter_orange,137,116,,1103,338879,75763,,
15,PRESIDENTE HAYES,bitter_orange,-,-,,-,-,-,,
16,BOQUER‡N,bitter_orange,1,1,,0,50,10,,
17,ALTO PARAGUAY,bitter_orange,3,4,,2,409,195,,
1,CONCEPCI‡N,pineapple,517,498,,9209,9189557,4766229,,
2,SAN PEDRO,pineapple,2070,3170,,47039,58437668,46235766,,
3,CORDILLERA,pineapple,188,176,,2802,2804430,1224520,,
4,GUAIRµ,pineapple,40,18,,23,27527,19115,,
5,CAAGUAZÈ,pineapple,161,194,,2522,2337030,749998,,
6,CAAZAPµ,pineapple,33,11,,12,11337,33093,,
7, ITAPÈA,pineapple,73,57,,203,230904,99255,,
8,MISIONES,pineapple,14,9,,130,129320,18430,,
9,PARAGUAR÷,pineapple,76,101,,142,161132,137158,,
10,ALTO PARANµ,pineapple,73,64,,168,223167,108864,,
11,CENTRAL,pineapple,13,9,,95,84958,37615,,
12,•EEMBUCÈ,pineapple,9,4,,20,20550,4675,,
13,AMAMBAY,pineapple,27,31,,98,95390,83415,,
14,CANINDEYÈ,pineapple,536,778,,11368,13347635,5940387,,
15,PRESIDENTE HAYES,pineapple,-,-,,-,-,-,,
16,BOQUER‡N,pineapple,-,-,,-,-,-,,
17,ALTO PARAGUAY,pineapple,-,-,,-,-,-,,
1,CONCEPCI‡N,tung,-,-,,-,-,-,,
2,SAN PEDRO,tung,-,-,,-,-,-,,
3,CORDILLERA,tung,1,66,,-,30000,3000,,
4,GUAIRµ,tung,-,-,,-,-,-,,
5,CAAGUAZÈ,tung,-,-,,-,-,-,,
6,CAAZAPµ,tung,1,1,,-,500,500,,
7, ITAPÈA,tung,708,1098,,-,823867,204587,,
8,MISIONES,tung,-,-,,-,-,-,,
9,PARAGUAR÷,tung,-,-,,-,-,-,,
10,ALTO PARANµ,tung,4,6,,-,3200,5000,,
11,CENTRAL,tung,-,-,,-,-,-,,
12,•EEMBUCÈ,tung,-,-,,-,-,-,,
13,AMAMBAY,tung,-,-,,-,-,-,,
14,CANINDEYÈ,tung,-,-,,-,-,-,,
15,PRESIDENTE HAYES,tung,-,-,,-,-,-,,
16,BOQUER‡N,tung,-,-,,-,-,-,,
17,ALTO PARAGUAY,tung,-,-,,-,-,-,,
1,CONCEPCI‡N,yerba,2,1,,2,550,150,,
2,SAN PEDRO,yerba,175,264,,591,189800,150784,,
3,CORDILLERA,yerba,13,18,,44,23039,20164,,
4,GUAIRµ,yerba,2643,10281,,62261,18850927,3959626,,
5,CAAGUAZÈ,yerba,281,538,,1834,554618,311392,,
6,CAAZAPµ,yerba,1276,3011,,12069,3170087,1955158,,
7, ITAPÈA,yerba,8243,22226,,119048,35886779,9374873,,
8,MISIONES,yerba,23,23,,73,24295,12940,,
9,PARAGUAR÷,yerba,5,6,,5,1550,940,,
10,ALTO PARANµ,yerba,618,1167,,4910,1382774,610460,,
11,CENTRAL,yerba,-,-,,-,-,-,,
12,•EEMBUCÈ,yerba,-,-,,-,-,-,,
13,AMAMBAY,yerba,17,33,,171,18600,5470,,
14,CANINDEYÈ,yerba,76,1155,,10411,3397824,144878,,
15,PRESIDENTE HAYES,yerba,-,-,,.,-,-,,
16,BOQUER‡N,yerba,1,1,,1,505,100,,
17,ALTO PARAGUAY,yerba,-,-,,-,-,-,,
1,CONCEPCI‡N,tangerine,68,38,,770,12672,16039,,
2,SAN PEDRO,tangerine,39,26,,962,16745,4607,,
3,CORDILLERA,tangerine,124,115,,2761,24699,12211,,
4,GUAIRµ,tangerine,79,20,,600,6399,2326,,
5,CAAGUAZÈ,tangerine,34,59,,2141,14783,9150,,
6,CAAZAPµ,tangerine,13,16,,227,4362,1727,,
7, ITAPÈA,tangerine,161,343,,7905,141601,22594,,
8,MISIONES,tangerine,25,8,,33,1040,253,,
9,PARAGUAR÷,tangerine,100,59,,552,11046,6671,,
10,ALTO PARANµ,tangerine,49,55,,1036,12661,6282,,
11,CENTRAL,tangerine,2,27,,1,30,19205,,
12,•EEMBUCÈ,tangerine,-,-,,-,-,-,,
13,AMAMBAY,tangerine,6,6,,37,750,650,,
14,CANINDEYÈ,tangerine,15,11,,559,10325,9341,,
15,PRESIDENTE HAYES,tangerine,-,-,,-,-,-,,
16,BOQUER‡N,tangerine,1,0,,2,30,-,,
17,ALTO PARAGUAY,tangerine,6,10,,75,1008,380,,
1,CONCEPCI‡N,orange,70,50,,426,9241,8091,,
2,SAN PEDRO,orange,106,162,,7716,66200,45036,,
3,CORDILLERA,orange,168,143,,2946,44437,16487,,
4,GUAIRµ,orange,80,35,,962,8501,3614,,
5,CAAGUAZÈ,orange,34,51,,1524,26280,10631,,
6,CAAZAPµ,orange,172,316,,7465,128145,26017,,
7, ITAPÈA,orange,1065,3567,,222196,2069775,649027,,
8,MISIONES,orange,220,187,,8290,65762,10099,,
9,PARAGUAR÷,orange,67,240,,3119,57550,23046,,
10,ALTO PARANµ,orange,55,89,,3343,61234,8766,,
11,CENTRAL,orange,7,128,,1,25,82661,,
12,•EEMBUCÈ,orange,48,18,,89,2632,1053,,
13,AMAMBAY,orange,14,12,,157,2272,1137,,
14,CANINDEYÈ,orange,9,7,,538,3165,2904,,
15,PRESIDENTE HAYES,orange,-,-,,-,-,-,,
16,BOQUER‡N,orange,2,3,,1,110,220,,
17,ALTO PARAGUAY,orange,5,5,,58,520,200,,
1,CONCEPCI‡N,coconut,3,,,2400,9150,8850,,
2,SAN PEDRO,coconut,-,,,-,-,-,,
3,CORDILLERA,coconut,112,,,41971,85535,38042,,
4,GUAIRµ,coconut,-,,,-,-,-,,
5,CAAGUAZÈ,coconut,-,,,-,-,-,,
6,CAAZAPµ,coconut,1,,,18,70,-,,
7, ITAPÈA,coconut,3,,,515,600,550,,
8,MISIONES,coconut,1,,,88,350,-,,
9,PARAGUAR÷,coconut,-,,,-,-,-,,
10,ALTO PARANµ,coconut,-,,,-,-,-,,
11,CENTRAL,coconut,-,,,-,-,-,,
12,•EEMBUCÈ,coconut,2,,,85,340,100,,
13,AMAMBAY,coconut,-,,,-,-,-,,
14,CANINDEYÈ,coconut,-,,,-,-,-,,
15,PRESIDENTE HAYES,coconut,-,,,-,-,-,,
16,BOQUER‡N,coconut,-,,,-,-,-,,
17,ALTO PARAGUAY,coconut,-,,,-,-,-,,
1,CONCEPCI‡N,flowers,10,-,,,,,-,-
2,SAN PEDRO,flowers,59,35,,,,,33,2
3,CORDILLERA,flowers,383,99,,,,,34,65
4,GUAIRµ,flowers,69,4,,,,,2,2
5,CAAGUAZÈ,flowers,42,12,,,,,6,6
6,CAAZAPµ,flowers,4,-,,,,,-,-
7, ITAPÈA,flowers,40,6,,,,,2,4
8,MISIONES,flowers,6,-,,,,,-,-
9,PARAGUAR÷,flowers,53,4,,,,,3,1
10,ALTO PARANµ,flowers,18,3,,,,,2,1
11,CENTRAL,flowers,16,12,,,,,4,8
12,•EEMBUCÈ,flowers,-,-,,,,,-,-
13,AMAMBAY,flowers,6,-,,,,,-,-
14,CANINDEYÈ,flowers,5,-,,,,,-,-
15,PRESIDENTE HAYES,flowers,37,9,,,,,4,4
16,BOQUER‡N,flowers,-,-,,,,,-,-
17,ALTO PARAGUAY,flowers,2,-,,,,,-,-
1,CONCEPCI‡N,forage_alfalfa,131,295,,,,,,
2,SAN PEDRO,forage_alfalfa,280,764,,,,,,
3,CORDILLERA,forage_alfalfa,28,51,,,,,,
4,GUAIRµ,forage_alfalfa,25,264,,,,,,
5,CAAGUAZÈ,forage_alfalfa,101,287,,,,,,
6,CAAZAPµ,forage_alfalfa,37,70,,,,,,
7, ITAPÈA,forage_alfalfa,29,65,,,,,,
8,MISIONES,forage_alfalfa,4,34,,,,,,
9,PARAGUAR÷,forage_alfalfa,115,1497,,,,,,
10,ALTO PARANµ,forage_alfalfa,18,112,,,,,,
11,CENTRAL,forage_alfalfa,3,4,,,,,,
12,•EEMBUCÈ,forage_alfalfa,8,50,,,,,,
13,AMAMBAY,forage_alfalfa,4,47,,,,,,
14,CANINDEYÈ,forage_alfalfa,36,51,,,,,,
15,PRESIDENTE HAYES,forage_alfalfa,1,100,,,,,,
16,BOQUER‡N,forage_alfalfa,-,-,,,,,,
17,ALTO PARAGUAY,forage_alfalfa,-,-,,,,,,
1,CONCEPCI‡N,forage_feed_oats,17,15,,,,,,
2,SAN PEDRO,forage_feed_oats,99,611,,,,,,
3,CORDILLERA,forage_feed_oats,30,57,,,,,,
4,GUAIRµ,forage_feed_oats,47,127,,,,,,
5,CAAGUAZÈ,forage_feed_oats,159,369,,,,,,
6,CAAZAPµ,forage_feed_oats,64,2416,,,,,,
7, ITAPÈA,forage_feed_oats,155,3002,,,,,,
8,MISIONES,forage_feed_oats,32,409,,,,,,
9,PARAGUAR÷,forage_feed_oats,14,325,,,,,,
10,ALTO PARANµ,forage_feed_oats,60,451,,,,,,
11,CENTRAL,forage_feed_oats,-,-,,,,,,
12,•EEMBUCÈ,forage_feed_oats,67,113,,,,,,
13,AMAMBAY,forage_feed_oats,10,111,,,,,,
14,CANINDEYÈ,forage_feed_oats,39,190,,,,,,
15,PRESIDENTE HAYES,forage_feed_oats,1,100,,,,,,
16,BOQUER‡N,forage_feed_oats,-,-,,,,,,
17,ALTO PARAGUAY,forage_feed_oats,-,-,,,,,,
1,CONCEPCI‡N,forage_elephant_grass,81,323,,,,,,
2,SAN PEDRO,forage_elephant_grass,239,1470,,,,,,
3,CORDILLERA,forage_elephant_grass,166,1086,,,,,,
4,GUAIRµ,forage_elephant_grass,69,350,,,,,,
5,CAAGUAZÈ,forage_elephant_grass,292,807,,,,,,
6,CAAZAPµ,forage_elephant_grass,150,393,,,,,,
7, ITAPÈA,forage_elephant_grass,116,325,,,,,,
8,MISIONES,forage_elephant_grass,49,204,,,,,,
9,PARAGUAR÷,forage_elephant_grass,166,281,,,,,,
10,ALTO PARANµ,forage_elephant_grass,135,343,,,,,,
11,CENTRAL,forage_elephant_grass,46,17,,,,,,
12,•EEMBUCÈ,forage_elephant_grass,29,124,,,,,,
13,AMAMBAY,forage_elephant_grass,14,157,,,,,,
14,CANINDEYÈ,forage_elephant_grass,74,275,,,,,,
15,PRESIDENTE HAYES,forage_elephant_grass,1,2,,,,,,
16,BOQUER‡N,forage_elephant_grass,2,51,,,,,,
17,ALTO PARAGUAY,forage_elephant_grass,-,-,,,,,,
1,CONCEPCI‡N,forage_gaton_panic_grass,27,568,,,,,,
2,SAN PEDRO,forage_gaton_panic_grass,12,698,,,,,,
3,CORDILLERA,forage_gaton_panic_grass,4,28,,,,,,
4,GUAIRµ,forage_gaton_panic_grass,-,-,,,,,,
5,CAAGUAZÈ,forage_gaton_panic_grass,7,1621,,,,,,
6,CAAZAPµ,forage_gaton_panic_grass,4,295,,,,,,
7, ITAPÈA,forage_gaton_panic_grass,6,27001,,,,,,
8,MISIONES,forage_gaton_panic_grass,-,-,,,,,,
9,PARAGUAR÷,forage_gaton_panic_grass,3,10,,,,,,
10,ALTO PARANµ,forage_gaton_panic_grass,3,25,,,,,,
11,CENTRAL,forage_gaton_panic_grass,-,-,,,,,,
12,•EEMBUCÈ,forage_gaton_panic_grass,7,113,,,,,,
13,AMAMBAY,forage_gaton_panic_grass,1,4500,,,,,,
14,CANINDEYÈ,forage_gaton_panic_grass,2,7,,,,,,
15,PRESIDENTE HAYES,forage_gaton_panic_grass,871,328216,,,,,,
16,BOQUER‡N,forage_gaton_panic_grass,2251,2336886,,,,,,
17,ALTO PARAGUAY,forage_gaton_panic_grass,461,1028671,,,,,,
1,CONCEPCI‡N,forage_colonial_grass,606,15008,,,,,,
2,SAN PEDRO,forage_colonial_grass,1379,12524,,,,,,
3,CORDILLERA,forage_colonial_grass,139,813,,,,,,
4,GUAIRµ,forage_colonial_grass,53,1491,,,,,,
5,CAAGUAZÈ,forage_colonial_grass,599,4600,,,,,,
6,CAAZAPµ,forage_colonial_grass,122,1668,,,,,,
7, ITAPÈA,forage_colonial_grass,148,804,,,,,,
8,MISIONES,forage_colonial_grass,25,185,,,,,,
9,PARAGUAR÷,forage_colonial_grass,53,546,,,,,,
10,ALTO PARANµ,forage_colonial_grass,164,335,,,,,,
11,CENTRAL,forage_colonial_grass,4,30,,,,,,
12,•EEMBUCÈ,forage_colonial_grass,5,163,,,,,,
13,AMAMBAY,forage_colonial_grass,115,10306,,,,,,
14,CANINDEYÈ,forage_colonial_grass,377,2490,,,,,,
15,PRESIDENTE HAYES,forage_colonial_grass,18,14549,,,,,,
16,BOQUER‡N,forage_colonial_grass,3,1150,,,,,,
17,ALTO PARAGUAY,forage_colonial_grass,38,63887,,,,,,
1,CONCEPCI‡N,forage_salinas_grass,4,73,,,,,,
2,SAN PEDRO,forage_salinas_grass,20,882,,,,,,
3,CORDILLERA,forage_salinas_grass,13,31,,,,,,
4,GUAIRµ,forage_salinas_grass,7,27,,,,,,
5,CAAGUAZÈ,forage_salinas_grass,36,105,,,,,,
6,CAAZAPµ,forage_salinas_grass,10,73,,,,,,
7, ITAPÈA,forage_salinas_grass,7,22,,,,,,
8,MISIONES,forage_salinas_grass,-,-,,,,,,
9,PARAGUAR÷,forage_salinas_grass,4,5,,,,,,
10,ALTO PARANµ,forage_salinas_grass,3,3,,,,,,
11,CENTRAL,forage_salinas_grass,-,-,,,,,,
12,•EEMBUCÈ,forage_salinas_grass,-,-,,,,,,
13,AMAMBAY,forage_salinas_grass,7,35,,,,,,
14,CANINDEYÈ,forage_salinas_grass,7,38,,,,,,
15,PRESIDENTE HAYES,forage_salinas_grass,-,-,,,,,,
16,BOQUER‡N,forage_salinas_grass,-,-,,,,,,
17,ALTO PARAGUAY,forage_salinas_grass,-,-,,,,,,
1,CONCEPCI‡N,forage_camerun_grass,1665,2915,,,,,,
2,SAN PEDRO,forage_camerun_grass,5088,15194,,,,,,
3,CORDILLERA,forage_camerun_grass,2951,5614,,,,,,
4,GUAIRµ,forage_camerun_grass,1798,3835,,,,,,
5,CAAGUAZÈ,forage_camerun_grass,6153,10238,,,,,,
6,CAAZAPµ,forage_camerun_grass,1748,3439,,,,,,
7, ITAPÈA,forage_camerun_grass,1691,2901,,,,,,
8,MISIONES,forage_camerun_grass,1036,1133,,,,,,
9,PARAGUAR÷,forage_camerun_grass,3772,5996,,,,,,
10,ALTO PARANµ,forage_camerun_grass,927,1456,,,,,,
11,CENTRAL,forage_camerun_grass,532,767,,,,,,
12,•EEMBUCÈ,forage_camerun_grass,805,849,,,,,,
13,AMAMBAY,forage_camerun_grass,73,697,,,,,,
14,CANINDEYÈ,forage_camerun_grass,963,1920,,,,,,
15,PRESIDENTE HAYES,forage_camerun_grass,31,2639,,,,,,
16,BOQUER‡N,forage_camerun_grass,1,40,,,,,,
17,ALTO PARAGUAY,forage_camerun_grass,3,2801,,,,,,
1,CONCEPCI‡N,forage_start_grass,86,3022,,,,,,
2,SAN PEDRO,forage_start_grass,374,4662,,,,,,
3,CORDILLERA,forage_start_grass,51,686,,,,,,
4,GUAIRµ,forage_start_grass,47,587,,,,,,
5,CAAGUAZÈ,forage_start_grass,309,3406,,,,,,
6,CAAZAPµ,forage_start_grass,84,670,,,,,,
7, ITAPÈA,forage_start_grass,43,1906,,,,,,
8,MISIONES,forage_start_grass,14,65,,,,,,
9,PARAGUAR÷,forage_start_grass,60,482,,,,,,
10,ALTO PARANµ,forage_start_grass,63,225,,,,,,
11,CENTRAL,forage_start_grass,6,9,,,,,,
12,•EEMBUCÈ,forage_start_grass,20,242,,,,,,
13,AMAMBAY,forage_start_grass,47,2732,,,,,,
14,CANINDEYÈ,forage_start_grass,104,3164,,,,,,
15,PRESIDENTE HAYES,forage_start_grass,457,67699,,,,,,
16,BOQUER‡N,forage_start_grass,184,21824,,,,,,
17,ALTO PARAGUAY,forage_start_grass,93,100712,,,,,,
1,CONCEPCI‡N,forage_brachiaria_grass,1767,114089,,,,,,
2,SAN PEDRO,forage_brachiaria_grass,3549,51312,,,,,,
3,CORDILLERA,forage_brachiaria_grass,204,1485,,,,,,
4,GUAIRµ,forage_brachiaria_grass,194,5122,,,,,,
5,CAAGUAZÈ,forage_brachiaria_grass,1499,15225,,,,,,
6,CAAZAPµ,forage_brachiaria_grass,374,5537,,,,,,
7, ITAPÈA,forage_brachiaria_grass,155,1991,,,,,,
8,MISIONES,forage_brachiaria_grass,138,5924,,,,,,
9,PARAGUAR÷,forage_brachiaria_grass,170,7171,,,,,,
10,ALTO PARANµ,forage_brachiaria_grass,183,2206,,,,,,
11,CENTRAL,forage_brachiaria_grass,13,393,,,,,,
12,•EEMBUCÈ,forage_brachiaria_grass,49,452,,,,,,
13,AMAMBAY,forage_brachiaria_grass,411,186028,,,,,,
14,CANINDEYÈ,forage_brachiaria_grass,472,19465,,,,,,
15,PRESIDENTE HAYES,forage_brachiaria_grass,40,16744,,,,,,
16,BOQUER‡N,forage_brachiaria_grass,44,7737,,,,,,
17,ALTO PARAGUAY,forage_brachiaria_grass,14,33930,,,,,,
1,CONCEPCI‡N,forage_tanzania_grass,20,1786,,,,,,
2,SAN PEDRO,forage_tanzania_grass,120,14914,,,,,,
3,CORDILLERA,forage_tanzania_grass,2,2,,,,,,
4,GUAIRµ,forage_tanzania_grass,3,1752,,,,,,
5,CAAGUAZÈ,forage_tanzania_grass,7,1254,,,,,,
6,CAAZAPµ,forage_tanzania_grass,3,1006,,,,,,
7, ITAPÈA,forage_tanzania_grass,-,-,,,,,,
8,MISIONES,forage_tanzania_grass,2,7,,,,,,
9,PARAGUAR÷,forage_tanzania_grass,-,-,,,,,,
10,ALTO PARANµ,forage_tanzania_grass,2,133,,,,,,
11,CENTRAL,forage_tanzania_grass,1,20,,,,,,
12,•EEMBUCÈ,forage_tanzania_grass,1,35,,,,,,
13,AMAMBAY,forage_tanzania_grass,4,970,,,,,,
14,CANINDEYÈ,forage_tanzania_grass,1,1,,,,,,
15,PRESIDENTE HAYES,forage_tanzania_grass,103,80231,,,,,,
16,BOQUER‡N,forage_tanzania_grass,17,6185,,,,,,
17,ALTO PARAGUAY,forage_tanzania_grass,91,284338,,,,,,
1,CONCEPCI‡N,forage_marafalda,98,884,,,,,,
2,SAN PEDRO,forage_marafalda,321,1579,,,,,,
3,CORDILLERA,forage_marafalda,56,434,,,,,,
4,GUAIRµ,forage_marafalda,12,227,,,,,,
5,CAAGUAZÈ,forage_marafalda,211,1499,,,,,,
6,CAAZAPµ,forage_marafalda,40,66,,,,,,
7, ITAPÈA,forage_marafalda,22,54,,,,,,
8,MISIONES,forage_marafalda,11,608,,,,,,
9,PARAGUAR÷,forage_marafalda,38,258,,,,,,
10,ALTO PARANµ,forage_marafalda,3,6,,,,,,
11,CENTRAL,forage_marafalda,7,20,,,,,,
12,•EEMBUCÈ,forage_marafalda,82,56,,,,,,
13,AMAMBAY,forage_marafalda,20,12,,,,,,
14,CANINDEYÈ,forage_marafalda,74,71,,,,,,
15,PRESIDENTE HAYES,forage_marafalda,-,-,,,,,,
16,BOQUER‡N,forage_marafalda,1,3,,,,,,
17,ALTO PARAGUAY,forage_marafalda,-,-,,,,,,
1,CONCEPCI‡N,forage_humidicola_grass,537,79827,,,,,,
2,SAN PEDRO,forage_humidicola_grass,547,33267,,,,,,
3,CORDILLERA,forage_humidicola_grass,55,3139,,,,,,
4,GUAIRµ,forage_humidicola_grass,7,104,,,,,,
5,CAAGUAZÈ,forage_humidicola_grass,25,1457,,,,,,
6,CAAZAPµ,forage_humidicola_grass,10,1269,,,,,,
7, ITAPÈA,forage_humidicola_grass,28,633,,,,,,
8,MISIONES,forage_humidicola_grass,63,7691,,,,,,
9,PARAGUAR÷,forage_humidicola_grass,57,2361,,,,,,
10,ALTO PARANµ,forage_humidicola_grass,3,12,,,,,,
11,CENTRAL,forage_humidicola_grass,6,103,,,,,,
12,•EEMBUCÈ,forage_humidicola_grass,60,1962,,,,,,
13,AMAMBAY,forage_humidicola_grass,81,26366,,,,,,
14,CANINDEYÈ,forage_humidicola_grass,14,160,,,,,,
15,PRESIDENTE HAYES,forage_humidicola_grass,22,13883,,,,,,
16,BOQUER‡N,forage_humidicola_grass,6,11758,,,,,,
17,ALTO PARAGUAY,forage_humidicola_grass,16,18260,,,,,,
1,CONCEPCI‡N,forage_brizantha_grass,2703,99600,,,,,,
2,SAN PEDRO,forage_brizantha_grass,9734,179530,,,,,,
3,CORDILLERA,forage_brizantha_grass,675,15931,,,,,,
4,GUAIRµ,forage_brizantha_grass,386,8908,,,,,,
5,CAAGUAZÈ,forage_brizantha_grass,5302,86881,,,,,,
6,CAAZAPµ,forage_brizantha_grass,1431,27148,,,,,,
7, ITAPÈA,forage_brizantha_grass,803,15034,,,,,,
8,MISIONES,forage_brizantha_grass,728,29825,,,,,,
9,PARAGUAR÷,forage_brizantha_grass,757,17290,,,,,,
10,ALTO PARANµ,forage_brizantha_grass,435,6601,,,,,,
11,CENTRAL,forage_brizantha_grass,20,426,,,,,,
12,•EEMBUCÈ,forage_brizantha_grass,160,3489,,,,,,
13,AMAMBAY,forage_brizantha_grass,194,119623,,,,,,
14,CANINDEYÈ,forage_brizantha_grass,2504,81201,,,,,,
15,PRESIDENTE HAYES,forage_brizantha_grass,105,32034,,,,,,
16,BOQUER‡N,forage_brizantha_grass,123,27606,,,,,,
17,ALTO PARAGUAY,forage_brizantha_grass,12,15580,,,,,,
1,CONCEPCI‡N,forage_pangola_grass,23,1267,,,,,,
2,SAN PEDRO,forage_pangola_grass,34,2325,,,,,,
3,CORDILLERA,forage_pangola_grass,22,435,,,,,,
4,GUAIRµ,forage_pangola_grass,4,102,,,,,,
5,CAAGUAZÈ,forage_pangola_grass,23,294,,,,,,
6,CAAZAPµ,forage_pangola_grass,9,634,,,,,,
7, ITAPÈA,forage_pangola_grass,2,28,,,,,,
8,MISIONES,forage_pangola_grass,54,138,,,,,,
9,PARAGUAR÷,forage_pangola_grass,10,138,,,,,,
10,ALTO PARANµ,forage_pangola_grass,2,6,,,,,,
11,CENTRAL,forage_pangola_grass,6,214,,,,,,
12,•EEMBUCÈ,forage_pangola_grass,29,1785,,,,,,
13,AMAMBAY,forage_pangola_grass,10,687,,,,,,
14,CANINDEYÈ,forage_pangola_grass,7,39,,,,,,
15,PRESIDENTE HAYES,forage_pangola_grass,652,327867,,,,,,
16,BOQUER‡N,forage_pangola_grass,130,8681,,,,,,
17,ALTO PARAGUAY,forage_pangola_grass,23,39738,,,,,,
1,CONCEPCI‡N,forage_sorghum,4,12,,,,,,
2,SAN PEDRO,forage_sorghum,48,2478,,,,,,
3,CORDILLERA,forage_sorghum,24,100,,,,,,
4,GUAIRµ,forage_sorghum,23,122,,,,,,
5,CAAGUAZÈ,forage_sorghum,22,78,,,,,,
6,CAAZAPµ,forage_sorghum,7,46,,,,,,
7, ITAPÈA,forage_sorghum,16,190,,,,,,
8,MISIONES,forage_sorghum,6,21,,,,,,
9,PARAGUAR÷,forage_sorghum,12,1096,,,,,,
10,ALTO PARANµ,forage_sorghum,7,107,,,,,,
11,CENTRAL,forage_sorghum,1,3,,,,,,
12,•EEMBUCÈ,forage_sorghum,-,-,,,,,,
13,AMAMBAY,forage_sorghum,-,-,,,,,,
14,CANINDEYÈ,forage_sorghum,8,28,,,,,,
15,PRESIDENTE HAYES,forage_sorghum,20,1362,,,,,,
16,BOQUER‡N,forage_sorghum,5,630,,,,,,
17,ALTO PARAGUAY,forage_sorghum,-,-,,,,,,
1,CONCEPCI‡N,forage_para,1,5,,,,,,
2,SAN PEDRO,forage_para,3,8,,,,,,
3,CORDILLERA,forage_para,4,14,,,,,,
4,GUAIRµ,forage_para,2,44,,,,,,
5,CAAGUAZÈ,forage_para,2,2,,,,,,
6,CAAZAPµ,forage_para,-,-,,,,,,
7, ITAPÈA,forage_para,6,410,,,,,,
8,MISIONES,forage_para,-,0,,,,,,
9,PARAGUAR÷,forage_para,7,18,,,,,,
10,ALTO PARANµ,forage_para,11,14,,,,,,
11,CENTRAL,forage_para,1,90,,,,,,
12,•EEMBUCÈ,forage_para,-,-,,,,,,
13,AMAMBAY,forage_para,-,-,,,,,,
14,CANINDEYÈ,forage_para,-,-,,,,,,
15,PRESIDENTE HAYES,forage_para,14,11161,,,,,,
16,BOQUER‡N,forage_para,-,-,,,,,,
17,ALTO PARAGUAY,forage_para,1,790,,,,,,
1,CONCEPCI‡N,forage_leucaena,4,6,,,,,,
2,SAN PEDRO,forage_leucaena,21,65,,,,,,
3,CORDILLERA,forage_leucaena,13,13,,,,,,
4,GUAIRµ,forage_leucaena,2,1,,,,,,
5,CAAGUAZÈ,forage_leucaena,4,8,,,,,,
6,CAAZAPµ,forage_leucaena,7,9,,,,,,
7, ITAPÈA,forage_leucaena,6,7,,,,,,
8,MISIONES,forage_leucaena,4,4,,,,,,
9,PARAGUAR÷,forage_leucaena,5,6,,,,,,
10,ALTO PARANµ,forage_leucaena,1,0,,,,,,
11,CENTRAL,forage_leucaena,-,-,,,,,,
12,•EEMBUCÈ,forage_leucaena,10,10,,,,,,
13,AMAMBAY,forage_leucaena,-,-,,,,,,
14,CANINDEYÈ,forage_leucaena,4,21,,,,,,
15,PRESIDENTE HAYES,forage_leucaena,1,80,,,,,,
16,BOQUER‡N,forage_leucaena,1,30,,,,,,
17,ALTO PARAGUAY,forage_leucaena,-,-,,,,,,
1,CONCEPCI‡N,forage_others,722,82638,,,,,,
2,SAN PEDRO,forage_others,58,9242,,,,,,
3,CORDILLERA,forage_others,26,259,,,,,,
4,GUAIRµ,forage_others,10,110,,,,,,
5,CAAGUAZÈ,forage_others,35,558,,,,,,
6,CAAZAPµ,forage_others,5,48,,,,,,
7, ITAPÈA,forage_others,39,803,,,,,,
8,MISIONES,forage_others,21,4031,,,,,,
9,PARAGUAR÷,forage_others,53,799,,,,,,
10,ALTO PARANµ,forage_others,369,4687,,,,,,
11,CENTRAL,forage_others,8,178,,,,,,
12,•EEMBUCÈ,forage_others,6,403,,,,,,
13,AMAMBAY,forage_others,165,53632,,,,,,
14,CANINDEYÈ,forage_others,612,31092,,,,,,
15,PRESIDENTE HAYES,forage_others,80,85,,,,,,
16,BOQUER‡N,forage_others,30,47,,,,,,
17,ALTO PARAGUAY,forage_others,-,42,,,,,,
